{"mean":{"confidence_interval":{"confidence_level":0.95,"lower_bound":790.6850008934427,"upper_bound":797.9144373126863},"point_estimate":793.8270028741327,"standard_error":1.855497829705533},"median":{"confidence_interval":{"confidence_level":0.95,"lower_bound":788.3964770026562,"upper_bound":793.2922472311541},"point_estimate":790.5122923365489,"standard_error":1.2338896055261084},"median_abs_dev":{"confidence_interval":{"confidence_level":0.95,"lower_bound":6.901557972116427,"upper_bound":11.203546575614984},"point_estimate":8.717267000309198,"standard_error":1.1507366435653656},"slope":{"confidence_interval":{"confidence_level":0.95,"lower_bound":791.278823965015,"upper_bound":805.9711978165709},"point_estimate":796.7228074393561,"standard_error":4.028394344909118},"std_dev":{"confidence_interval":{"confidence_level":0.95,"lower_bound":8.610399554856146,"upper_bound":28.139802749951468},"point_estimate":18.55707009897277,"standard_error":5.476637536956121}}