{"mean":{"confidence_interval":{"confidence_level":0.95,"lower_bound":714.5029840189696,"upper_bound":722.5727554323114},"point_estimate":718.4135614082385,"standard_error":2.0543759299275615},"median":{"confidence_interval":{"confidence_level":0.95,"lower_bound":713.504259156433,"upper_bound":719.2425618896207},"point_estimate":716.7940480874411,"standard_error":1.643275416787106},"median_abs_dev":{"confidence_interval":{"confidence_level":0.95,"lower_bound":8.937608851309713,"upper_bound":16.421489940576524},"point_estimate":13.217437092436782,"standard_error":1.9830006326981449},"slope":{"confidence_interval":{"confidence_level":0.95,"lower_bound":713.428786699858,"upper_bound":719.3838874023957},"point_estimate":716.2994420458584,"standard_error":1.517564460322015},"std_dev":{"confidence_interval":{"confidence_level":0.95,"lower_bound":15.708594987793854,"upper_bound":25.14914186922916},"point_estimate":20.641789622701,"standard_error":2.4203942642236327}}